id,migration_name,checksum,started_at,finished_at,applied_steps_count,rolled_back_at,logs
"668e00c0-3c3f-43af-8d92-87ca7eb7a81d","20251109171039_init","e6c346e5f644e2ff6a88a10a383ac0b9967f6343c04e3337cbcae6cb39c87f98","2026-04-06 23:53:36.144805+00","2026-04-06 23:53:37.043641+00","1",,
"c6911945-8b84-41bd-9f3d-02d2d4567eb0","20251111025243_add_roles_to_user","26913a1bb949158906dbc2ddc0427c8ccfc056ad2cce91dca55f9c3fc48f2dd2","2026-04-06 23:53:37.401507+00","2026-04-06 23:53:38.299498+00","1",,
"cde09e51-84f2-4c88-be81-24731583087b","20251114002524_full_schema_setup","f8df64541c83892485f67acb3da33d61128ae1af88ed10941509d5f735d55ab7","2026-04-06 23:53:38.655984+00","2026-04-06 23:53:39.672328+00","1",,
"6bc19554-6d29-4f21-b8a9-d06cb6442885","20251116051529_expand_schema_phase4","8490a8f83d216d034b00cb9e946398cdb9a0fd60ebfff2a6eaed24350be0a30c","2026-04-06 23:53:40.034087+00","2026-04-06 23:53:41.062296+00","1",,
"62739b66-47ab-4e59-bd46-d746fcf600b3","20251119155233_phase5_grading_models","091a583052027415957b6a8f92a199f94e9a01b27b0dbdade54c25d038504a31","2026-04-06 23:53:41.422678+00","2026-04-06 23:53:42.35378+00","1",,
"c1593b64-426b-43d1-a61f-8c3d8bed8e80","20251121224622_add_unique_constraints","9b6e5354501bc0e7d1ab2868ce7d360896a5429f41f311d329884e0384e1e713","2026-04-06 23:53:42.703779+00","2026-04-06 23:53:43.594226+00","1",,
"d7141dcb-9631-4bcf-8139-6882e3ad30ac","20251226120540_add_audit_log_model","977f7c419aa811cca6a12d2caad692ca9073534d246a7c2f8dc715cbc9718869","2026-04-06 23:53:43.934878+00","2026-04-06 23:53:45.042106+00","1",,
"150b4704-e4d2-4ede-9e05-29e017eccff7","20260101085512_make_auditlog_metadata_optional","bd1044a6ab47a78eebd17ee7aea77da9e2126558939a4750886644296675131d","2026-04-06 23:53:45.390763+00","2026-04-06 23:53:46.665717+00","1",,
"81da451d-3a69-4fce-8bdb-2983d2d15150","20260103114421_add_must_change_password","075958601977eb693a18d7b65ade8b64944ec35fbe82ed5f635042be5e66d8da","2026-04-06 23:53:47.094036+00","2026-04-06 23:53:47.993856+00","1",,
"5863d99d-386b-4d18-82e6-f0f17a200294","20260119054652_class_subject","355b758ec64bba7b3eca899074555a19261415e7301020014f8b5e9875208f2b","2026-04-06 23:53:48.333731+00","2026-04-06 23:53:49.233557+00","1",,
"f77de4cc-a18d-4355-b88b-b1474d0738f1","20260127071348_link_student_to_class","3aeefa1eda14f06a833d8edf1c5ac68932f308b507d728968ddf3d2ad96eaa24","2026-04-06 23:53:49.602579+00","2026-04-06 23:53:50.538547+00","1",,
"36eb187f-5425-44ae-8c96-b81848da4930","20260129043355_student_class_relation","d0207adc4243e44bc8bcb9455129c4ed2e1dd3c2cb53b7fee35f0e65ba2d3f1a","2026-04-06 23:53:50.893456+00","2026-04-06 23:53:51.771847+00","1",,
"fe237e02-ab94-4fa0-af87-4a374b2b3808","20260130012541_add_grade_model","2563e039b191630808742d64ee2cf6e16b41f213af5a419f1aa4063e2bb3b775","2026-04-06 23:53:52.12319+00","2026-04-06 23:53:53.001931+00","1",,
"1d0e8752-726b-433a-a5d9-70b254dbf77f","20260202055323_add_report_cards","dfb89c8fd03e8ee0c59f9fb25101bc34cfa040eaa55955b6e43a0eb8ebd2f423","2026-04-06 23:53:53.36707+00","2026-04-06 23:53:54.259171+00","1",,
"562eef6a-8d95-4903-ab2a-d7ccd1224248","20260203064102_add_parent_student_relation","3b7d1b223fd13428c7600e40e261b114e1796eb99678afac4abb39aa5bec9062","2026-04-06 23:53:54.63039+00","2026-04-06 23:53:55.531696+00","1",,
"b94b0bc1-a3cb-46eb-b0dd-95b2bebd0a2c","20260214233539_add_assignment_categories","3e5461b1ba8e3e036116328748ecf3b4c5ccb89e877f26cb9c1a5f4c56c17d4c","2026-04-06 23:53:55.906487+00","2026-04-06 23:53:56.798218+00","1",,
"127a385e-28a1-4d44-9c27-f1d0181da434","20260216090240_add_term_relation_to_assessment","fa19ed6fb239dbb535cd3693046f1c285dd1c525fa7f74f4a53b92c7661eb5e9","2026-04-06 23:53:57.178655+00","2026-04-06 23:53:58.052112+00","1",,
"85b7a047-203b-456a-acdf-4a8b5b543323","20260306_add_teacher_subject_table","6d7bc3b5ec68726b8f15212703239a36f8b43bbbb098ca3c65e7152191bcde7d","2026-04-06 23:53:58.414586+00","2026-04-06 23:53:59.3453+00","1",,
"e3979f43-2bf0-4d2a-a201-efb427ca91b7","20260316081241_add_homework_due_date","1f4650181402be7ee37fae4c04c7ff70fb6e793433b5b965ffde41f977010cd7","2026-04-06 23:53:59.689822+00","2026-04-06 23:54:00.610899+00","1",,
"b3e895ec-4a52-41cb-bfb9-225e70b4c1fe","20260316090354_add_assessment_type_enum","87e76a955a4993bac9d2f79c73f366bd11b6f148f511b96578dcdba625f6848e","2026-04-06 23:54:00.969414+00","2026-04-06 23:54:01.852062+00","1",,
"d0ab51b8-e32c-4e18-b885-7263896b6738","20260324113652_add_is_archived_to_student","72f0eb2bbaafd801a736aef7dadfae140347751f6ccc15c9afdaa81c42c60051","2026-04-06 23:54:02.202196+00","2026-04-06 23:54:03.112942+00","1",,
"4f2a6107-6c1a-480d-945b-2339f329a80e","20260324232549_add_class_archive","967cca53ce7736ef919c905bd4fd6dd1a727f214ba8e7e593356492ce4105d90","2026-04-06 23:54:03.471687+00","2026-04-06 23:54:04.371871+00","1",,
"e8e68ea4-779f-49b0-a2d5-cfaa50828d0a","20260406235522_add_parent_details","be1b2e6fd5177d69bcc52e10165e23317b73ee7195153925d68b72e805d7cac2","2026-04-06 23:55:23.602588+00","2026-04-06 23:55:24.553233+00","1",,
"4f11127d-5c82-4481-8c41-2c2faec824a8","20260409080530_add_userid_to_parent","cbbb281276ccbf3a0b77ed6adeaa25b57c4780e7c409d8aff7803f3bac4a6f13","2026-04-09 08:05:31.707374+00","2026-04-09 08:05:32.599615+00","1",,
"92380484-163b-4c84-bfe0-3b75936f86f2","20260410021114_add_assignment_score","a588326fd6244fb29412603c0ebc376c0c9bf203d9e4360954a79621af52de08","2026-04-10 02:11:16.12966+00","2026-04-10 02:11:17.136952+00","1",,
"84114f11-0ad8-44fd-b432-243e97533d37","20260410110711_add_assignment_weight","5a41b0a2e56a9891e885bff4c8b706090a9dcf1d383e1af957821b3a9ce65c93","2026-04-10 11:07:12.047185+00","2026-04-10 11:07:12.927551+00","1",,
"66028e82-da5b-4d4c-9b00-188b384760e8","20260413035610_add_assignment_fields","cc9b6878350fb3336358fffaeab7f83de0fa20bd48d9dda9805389a13938c45b","2026-04-13 03:56:11.334586+00","2026-04-13 03:56:12.23605+00","1",,
"1c21fd14-5077-46a3-8604-e00a74e8520c","20260413050020_add_assignment_and_comments","6f412d11ec21a4913caa1b871a9e57cb4bf3bb055b2f6a0b3bac394d7af87e2d","2026-04-13 05:00:21.592458+00","2026-04-13 05:00:22.531191+00","1",,
"48aef094-9f45-4a08-9e2a-1c1c1ff49098","00000000000000_init","425e4b47e1a8f36bdd2a83a57c40e4c6d5b074edfc05d85c9a3bed1aa23755ae","2026-04-15 23:05:06.319079+00","2026-04-15 23:05:06.319079+00","0",,""
"c2384b1c-33bc-426f-9782-9e1bcda4572b","20260810000000_add_attendance_period","850c179ce37823ad11098c5d5006d246671db056b7a133bf6ddd0389f8286407","2026-08-10 03:57:15.93013+00","2026-08-10 03:57:16.897414+00","1",,
"ec7381d5-ab8a-460b-be00-170760732733","20260822000000_add_teacher_subject_lifecycle","eeb4445b7c2bf4880fdaab460db7684cc7b5f9061cbc9f30a37b5fd0fee28711","2026-08-22 14:04:05.245333+00","2026-08-22 14:04:06.24941+00","1",,
"32be23e0-7041-4612-b63d-52b0d491d8dc","20260823000000_add_student_class_enrollment_phase_1","c197bb308a929cd1780510b53e8cb4a6efc5ef6b4efc71085e2f64d1831e194d","2026-08-22 21:34:01.432281+00","2026-08-22 21:34:02.499971+00","1",,
